1,Arturo,Baker,arturo.baker@mail.com
2,Carl,Fisher,carl.fisher@mail.com
3,Esther,Stoneberg,esther.stoneberg@mail.com
4,Gerald,Hagan,gerald.hagan@mail.com
5,Nichole,Parker,nichole.parker@mail.com
6,James,Ramseur,james.ramseur@mail.com
7,Toni,Shockley,toni.shockley@mail.com
8,Dennis,Keeler,dennis.keeler@mail.com
9,Virginia,Martell,virginia.martell@mail.com
10,Alex,Brunner,alex.brunner@mail.com
11,John,Lee,john.lee@mail.com
12,Sharon,Weaver,sharon.weaver@mail.com
13,Mary,Mehr,mary.mehr@mail.com
14,Brian,Micucci,brian.micucci@mail.com
15,Cheryl,Tate,cheryl.tate@mail.com
16,Kari,Oconnor,kari.oconnor@mail.com
17,Sue,Miller,sue.miller@mail.com
18,Adam,Bermudez,adam.bermudez@mail.com
19,Ruthie,Lopez,ruthie.lopez@mail.com
20,Ola,Mcentire,ola.mcentire@mail.com
21,Don,Bardin,don.bardin@mail.com
22,Kenneth,Kroll,kenneth.kroll@mail.com
23,Robert,Smith,robert.smith@mail.com
24,Corey,Williams,corey.williams@mail.com
25,Romona,Lombardo,romona.lombardo@mail.com
26,Linda,Hill,linda.hill@mail.com
27,Rose,Benenati,rose.benenati@mail.com
28,Christina,Carlozzi,christina.carlozzi@mail.com
29,David,Fiscalini,david.fiscalini@mail.com
30,Kathleen,Trahan,kathleen.trahan@mail.com
31,Brandon,Reitano,brandon.reitano@mail.com
32,Sarah,Freeman,sarah.freeman@mail.com
33,Cathy,Gray,cathy.gray@mail.com
34,Filiberto,Tovar,filiberto.tovar@mail.com
35,Etha,Davis,etha.davis@mail.com
36,Nicholas,Tomasi,nicholas.tomasi@mail.com
37,Donna,Pace,donna.pace@mail.com
38,Mark,Ingram,mark.ingram@mail.com
39,Thomas,Forney,thomas.forney@mail.com
40,Michael,Morger,michael.morger@mail.com
41,June,Talbot,june.talbot@mail.com
42,Charles,Parkins,charles.parkins@mail.com
43,Miguel,Wright,miguel.wright@mail.com
44,Josefina,Galloway,josefina.galloway@mail.com
45,Amanda,Wright,amanda.wright@mail.com
46,Derek,Rieke,derek.rieke@mail.com
47,Ramona,Mann,ramona.mann@mail.com
48,Timothy,Haggerty,timothy.haggerty@mail.com
49,Kelly,Mace,kelly.mace@mail.com
50,Marjorie,Bedard,marjorie.bedard@mail.com
51,Alan,Lane,alan.lane@mail.com
52,Mary,Polit,mary.polit@mail.com
53,Nancy,Thomas,nancy.thomas@mail.com
54,Mary,Stade,mary.stade@mail.com
55,Charlotte,Bergquist,charlotte.bergquist@mail.com
56,Robert,Valdez,robert.valdez@mail.com
57,Cleveland,Mook,cleveland.mook@mail.com
58,Gwendolyn,Bellah,gwendolyn.bellah@mail.com
59,Samantha,Davis,samantha.davis@mail.com
60,Jim,Evan,jim.evan@mail.com
61,Thomas,Fischer,thomas.fischer@mail.com
62,Rita,Maddrey,rita.maddrey@mail.com
63,Ann,Morton,ann.morton@mail.com
64,David,Norton,david.norton@mail.com
65,Alicia,Laroche,alicia.laroche@mail.com
66,Michael,Dowell,michael.dowell@mail.com
67,Ruth,Patterson,ruth.patterson@mail.com
68,Dennis,Paulson,dennis.paulson@mail.com
69,Angel,Gomez,angel.gomez@mail.com
70,Howard,Campbell,howard.campbell@mail.com
71,Mabel,Young,mabel.young@mail.com
72,Wilma,Peterson,wilma.peterson@mail.com
73,Michael,Graham,michael.graham@mail.com
74,Linda,Cartier,linda.cartier@mail.com
75,Mary,Rago,mary.rago@mail.com
76,Irene,Hernandez,irene.hernandez@mail.com
77,Gwenda,Thibodeaux,gwenda.thibodeaux@mail.com
78,Shirley,Metz,shirley.metz@mail.com
79,Reginald,Hruby,reginald.hruby@mail.com
80,Rafael,Dalton,rafael.dalton@mail.com
81,John,Chi,john.chi@mail.com
82,Alberta,Fisher,alberta.fisher@mail.com
83,William,Spann,william.spann@mail.com
84,Thomas,Groom,thomas.groom@mail.com
85,Sandra,Carroll,sandra.carroll@mail.com
86,Dorothy,Lewis,dorothy.lewis@mail.com
87,Mary,Bowthorpe,mary.bowthorpe@mail.com
88,Archie,Baker,archie.baker@mail.com
89,William,Garza,william.garza@mail.com
90,Margaret,Wexler,margaret.wexler@mail.com
91,Ronny,Kizer,ronny.kizer@mail.com
92,Nicholas,Woolfolk,nicholas.woolfolk@mail.com
93,Devin,Ritter,devin.ritter@mail.com
94,Mark,Maynard,mark.maynard@mail.com
95,Eric,Dykes,eric.dykes@mail.com
96,Peter,Brown,peter.brown@mail.com
97,Raul,Sieber,raul.sieber@mail.com
98,Angela,Lodi,angela.lodi@mail.com
99,Sylvia,Starrick,sylvia.starrick@mail.com
100,Sybil,Driskill,sybil.driskill@mail.com
101,Louise,Devora,louise.devora@mail.com
102,Julia,Johnson,julia.johnson@mail.com
103,John,Lheureux,john.lheureux@mail.com
104,Alexander,Brown,alexander.brown@mail.com
105,Linda,Osborn,linda.osborn@mail.com
106,Anne,Marino,anne.marino@mail.com
107,Deborah,Stark,deborah.stark@mail.com
108,Richard,Williamson,richard.williamson@mail.com
109,Catherine,Mellon,catherine.mellon@mail.com
110,Jonathan,Williamson,jonathan.williamson@mail.com
111,Angela,Marra,angela.marra@mail.com
112,Aileen,Dercole,aileen.dercole@mail.com
113,Walton,Longhurst,walton.longhurst@mail.com
114,Johnathan,Elliott,johnathan.elliott@mail.com
115,Rudy,Davis,rudy.davis@mail.com
116,Michael,Cowan,michael.cowan@mail.com
117,Rosa,Hodde,rosa.hodde@mail.com
118,Ronald,Cox,ronald.cox@mail.com
119,Troy,Cabrera,troy.cabrera@mail.com
120,Wendell,Schenk,wendell.schenk@mail.com
121,Ella,Pace,ella.pace@mail.com
122,Jesse,Clement,jesse.clement@mail.com
123,Francis,Leek,francis.leek@mail.com
124,Brian,Sumner,brian.sumner@mail.com
125,Bernardo,Thomas,bernardo.thomas@mail.com
126,Duncan,Vreeland,duncan.vreeland@mail.com
127,Thomas,Diaz,thomas.diaz@mail.com
128,Sara,Davis,sara.davis@mail.com
129,Clayton,Schneider,clayton.schneider@mail.com
130,Judy,Greenberg,judy.greenberg@mail.com
131,Anthony,Hutchinson,anthony.hutchinson@mail.com
132,Edwina,Helland,edwina.helland@mail.com
133,Cedrick,Wilson,cedrick.wilson@mail.com
134,Casey,Suennen,casey.suennen@mail.com
135,Carter,Vasques,carter.vasques@mail.com
136,Kathryn,Tomlinson,kathryn.tomlinson@mail.com
137,Mary,Pagani,mary.pagani@mail.com
138,Grant,Michaels,grant.michaels@mail.com
139,Jody,Rogers,jody.rogers@mail.com
140,Susan,Dennis,susan.dennis@mail.com
141,Willie,Block,willie.block@mail.com
142,Elsie,Bright,elsie.bright@mail.com
143,Bruce,Casey,bruce.casey@mail.com
144,Tammie,Ramirez,tammie.ramirez@mail.com
145,Steven,Cuzco,steven.cuzco@mail.com
146,Sarah,Kinroth,sarah.kinroth@mail.com
147,Thelma,Aguilar,thelma.aguilar@mail.com
148,Jamar,Tyson,jamar.tyson@mail.com
149,Kathleen,Moore,kathleen.moore@mail.com
150,Jennie,Ciresi,jennie.ciresi@mail.com
151,Vicki,Jones,vicki.jones@mail.com
152,Christine,Edwards,christine.edwards@mail.com
153,Donna,Jackson,donna.jackson@mail.com
154,George,Johnson,george.johnson@mail.com
155,Robert,Roberts,robert.roberts@mail.com
156,Salvador,Maynard,salvador.maynard@mail.com
157,Thomas,Mayweather,thomas.mayweather@mail.com
158,James,Demott,james.demott@mail.com
159,Erin,Strickland,erin.strickland@mail.com
160,Andrew,Hiers,andrew.hiers@mail.com
161,Ligia,Criswell,ligia.criswell@mail.com
162,Seth,Hoffmann,seth.hoffmann@mail.com
163,Edwin,Ozuna,edwin.ozuna@mail.com
164,Tyrone,Brainard,tyrone.brainard@mail.com
165,Douglas,Beach,douglas.beach@mail.com
166,Charles,Jackson,charles.jackson@mail.com
167,Jessica,Jurasek,jessica.jurasek@mail.com
168,Timothy,Caldwell,timothy.caldwell@mail.com
169,Todd,Bosserman,todd.bosserman@mail.com
170,Buddy,Burns,buddy.burns@mail.com
171,Drew,Messenger,drew.messenger@mail.com
172,Robena,Ladd,robena.ladd@mail.com
173,Nick,Rummel,nick.rummel@mail.com
174,Kari,Walker,kari.walker@mail.com
175,Thomas,Price,thomas.price@mail.com
176,Stacey,Hackett,stacey.hackett@mail.com
177,Jose,Mcmorris,jose.mcmorris@mail.com
178,Kathleen,Mcghee,kathleen.mcghee@mail.com
179,Philip,Duren,philip.duren@mail.com
180,Cherish,Baker,cherish.baker@mail.com
181,Dong,Hogen,dong.hogen@mail.com
182,Roger,Gustafson,roger.gustafson@mail.com
183,Paul,Lerman,paul.lerman@mail.com
184,Thomas,Laberge,thomas.laberge@mail.com
185,James,Gilbert,james.gilbert@mail.com
186,Steven,Santana,steven.santana@mail.com
187,William,Navarro,william.navarro@mail.com
188,Leroy,Brooks,leroy.brooks@mail.com
189,Heather,Cultice,heather.cultice@mail.com
190,Georgia,Augenstein,georgia.augenstein@mail.com
191,Claire,Harbour,claire.harbour@mail.com
192,Wilhelmina,Alfieri,wilhelmina.alfieri@mail.com
193,Eduardo,Vaughn,eduardo.vaughn@mail.com
194,Eric,Valliere,eric.valliere@mail.com
195,Darleen,Harry,darleen.harry@mail.com
196,Charles,Baker,charles.baker@mail.com
197,Susan,Moore,susan.moore@mail.com
198,Luella,Mccray,luella.mccray@mail.com
199,Daniel,Burnham,daniel.burnham@mail.com
200,Zena,Sweeney,zena.sweeney@mail.com
201,Heather,Stewart,heather.stewart@mail.com
202,Jeffrey,Cochran,jeffrey.cochran@mail.com
203,Kelly,Magana,kelly.magana@mail.com
204,Robert,Mcdaniel,robert.mcdaniel@mail.com
205,Frederick,Johnson,frederick.johnson@mail.com
206,Rose,Mcnutt,rose.mcnutt@mail.com
207,Anthony,Cooper,anthony.cooper@mail.com
208,James,Houston,james.houston@mail.com
209,Willis,Hendricks,willis.hendricks@mail.com
210,Lane,Flax,lane.flax@mail.com
211,Maria,Johnson,maria.johnson@mail.com
212,Richard,Fortman,richard.fortman@mail.com
213,Cecilia,Godoy,cecilia.godoy@mail.com
214,Dean,Brown,dean.brown@mail.com
215,Kelly,Williams,kelly.williams@mail.com
216,Nathan,Renfro,nathan.renfro@mail.com
217,Robert,Smith,robert.smith@mail.com
218,Gordon,Smith,gordon.smith@mail.com
219,Debra,Fischer,debra.fischer@mail.com
220,Edward,Webb,edward.webb@mail.com
221,Patricia,Barr,patricia.barr@mail.com
222,Lorenzo,Semler,lorenzo.semler@mail.com
223,Jay,Carder,jay.carder@mail.com
224,James,Friddle,james.friddle@mail.com
225,Courtney,Bonds,courtney.bonds@mail.com
226,Katherine,Douglas,katherine.douglas@mail.com
227,Sue,Piro,sue.piro@mail.com
228,Albert,Diaz,albert.diaz@mail.com
229,Leo,Ciriaco,leo.ciriaco@mail.com
230,Bradley,Arthur,bradley.arthur@mail.com
231,Chad,Riddle,chad.riddle@mail.com
232,Donna,Bales,donna.bales@mail.com
233,Allison,Alaniz,allison.alaniz@mail.com
234,David,Mcneal,david.mcneal@mail.com
235,Cindy,Cannon,cindy.cannon@mail.com
236,Pamela,Smith,pamela.smith@mail.com
237,Lucinda,Klein,lucinda.klein@mail.com
238,Jose,Gunning,jose.gunning@mail.com
239,Shirley,Massey,shirley.massey@mail.com
240,Michael,Gregory,michael.gregory@mail.com
241,Phillip,Sallee,phillip.sallee@mail.com
242,Carmen,Lohr,carmen.lohr@mail.com
243,Jimmy,Perez,jimmy.perez@mail.com
244,Rafael,Luppino,rafael.luppino@mail.com
245,Jeannette,Sanders,jeannette.sanders@mail.com
246,Clarence,Goodwin,clarence.goodwin@mail.com
247,Melvin,Smith,melvin.smith@mail.com
248,Socorro,Ruiz,socorro.ruiz@mail.com
249,Dolores,Bacon,dolores.bacon@mail.com
250,Byron,Akers,byron.akers@mail.com
251,Theresa,Riles,theresa.riles@mail.com
252,Luis,Irwin,luis.irwin@mail.com
253,James,Cockrell,james.cockrell@mail.com
254,Justin,Yanez,justin.yanez@mail.com
255,Scott,Sass,scott.sass@mail.com
256,Dean,Broadwell,dean.broadwell@mail.com
257,Luther,Clements,luther.clements@mail.com
258,Curtis,Collier,curtis.collier@mail.com
259,Frank,Penny,frank.penny@mail.com
260,Joe,Lucas,joe.lucas@mail.com
261,Christina,Travis,christina.travis@mail.com
262,Galen,Diaz,galen.diaz@mail.com
263,Cecil,Flamand,cecil.flamand@mail.com
264,Dawn,Bates,dawn.bates@mail.com
265,George,Ellis,george.ellis@mail.com
266,Shelly,Rader,shelly.rader@mail.com
267,Thomas,Mason,thomas.mason@mail.com
268,Taylor,Gray,taylor.gray@mail.com
269,Regina,Luallen,regina.luallen@mail.com
270,Gerald,Anderson,gerald.anderson@mail.com
271,Kent,Davis,kent.davis@mail.com
272,Bessie,Patterson,bessie.patterson@mail.com
273,Jesus,Stahl,jesus.stahl@mail.com
274,Judith,Estrada,judith.estrada@mail.com
275,Barbara,Ramos,barbara.ramos@mail.com
276,Robert,Clark,robert.clark@mail.com
277,Lisa,Mccutcheon,lisa.mccutcheon@mail.com
278,Ronald,Stewart,ronald.stewart@mail.com
279,Robert,Knapp,robert.knapp@mail.com
280,Meaghan,Miller,meaghan.miller@mail.com
281,Romeo,Harriman,romeo.harriman@mail.com
282,Enoch,Anderson,enoch.anderson@mail.com
283,Carol,Eaton,carol.eaton@mail.com
284,Rodney,Gray,rodney.gray@mail.com
285,Ashley,Cooper,ashley.cooper@mail.com
286,Monica,Lujan,monica.lujan@mail.com
287,Robert,Floyd,robert.floyd@mail.com
288,John,Engleman,john.engleman@mail.com
289,Edward,Hass,edward.hass@mail.com
290,Carmen,Campbell,carmen.campbell@mail.com
291,Joshua,Sinclair,joshua.sinclair@mail.com
292,Charles,Schwartz,charles.schwartz@mail.com
293,Marilyn,Comeau,marilyn.comeau@mail.com
294,Fred,Burket,fred.burket@mail.com
295,George,Hill,george.hill@mail.com
296,Robert,Wagner,robert.wagner@mail.com
297,Judy,Smith,judy.smith@mail.com
298,Susan,Lee,susan.lee@mail.com
299,Mildred,Mara,mildred.mara@mail.com
300,Lucille,Farnum,lucille.farnum@mail.com
301,Timothy,Maddox,timothy.maddox@mail.com
302,Richard,Duncan,richard.duncan@mail.com
303,Shari,Nabors,shari.nabors@mail.com
304,Harry,Squires,harry.squires@mail.com
305,Brian,Earle,brian.earle@mail.com
306,Ann,Williams,ann.williams@mail.com
307,Barbara,Freeman,barbara.freeman@mail.com
308,William,Mitchell,william.mitchell@mail.com
309,Laura,Cody,laura.cody@mail.com
310,Roger,Hunt,roger.hunt@mail.com
311,Renee,Barber,renee.barber@mail.com
312,Joanne,Rivera,joanne.rivera@mail.com
313,Virgil,Underwood,virgil.underwood@mail.com
314,Ray,Hurst,ray.hurst@mail.com
315,Glenn,Bertrand,glenn.bertrand@mail.com
316,Linda,Pittman,linda.pittman@mail.com
317,Roger,Farmer,roger.farmer@mail.com
318,Angela,Chisum,angela.chisum@mail.com
319,Susana,Gall,susana.gall@mail.com
320,Henry,Jusino,henry.jusino@mail.com
321,George,Slaughter,george.slaughter@mail.com
322,John,Gaston,john.gaston@mail.com
323,Rose,Hawkins,rose.hawkins@mail.com
324,Troy,Colegrove,troy.colegrove@mail.com
325,Edward,Rossi,edward.rossi@mail.com
326,Marie,Torres,marie.torres@mail.com
327,Chris,Orosco,chris.orosco@mail.com
328,Edwin,Kehres,edwin.kehres@mail.com
329,Nancy,Mancias,nancy.mancias@mail.com
330,Roy,Griffin,roy.griffin@mail.com
331,April,Hardwick,april.hardwick@mail.com
332,Scott,Gandara,scott.gandara@mail.com
333,Robert,Lantieri,robert.lantieri@mail.com
334,Nancy,Quinn,nancy.quinn@mail.com
335,Scotty,Mitchener,scotty.mitchener@mail.com
336,Ellis,Gross,ellis.gross@mail.com
337,Pam,Rabinowitz,pam.rabinowitz@mail.com
338,Belinda,Munoz,belinda.munoz@mail.com
339,Jack,Walker,jack.walker@mail.com
340,Adam,Ferguson,adam.ferguson@mail.com
341,Linda,Casey,linda.casey@mail.com
342,Andrew,Joyner,andrew.joyner@mail.com
343,Jordan,Raterman,jordan.raterman@mail.com
344,Miguel,Bain,miguel.bain@mail.com
345,Penny,Jahn,penny.jahn@mail.com
346,Keith,Leising,keith.leising@mail.com
347,Karen,Jones,karen.jones@mail.com
348,Lisa,Stout,lisa.stout@mail.com
349,Nicholas,Valdes,nicholas.valdes@mail.com
350,Ernesto,Frenette,ernesto.frenette@mail.com
351,Joseph,Brittain,joseph.brittain@mail.com
352,Kristie,Zulauf,kristie.zulauf@mail.com
353,Lisa,Lyons,lisa.lyons@mail.com
354,Diane,Olson,diane.olson@mail.com
355,Alisa,Blaine,alisa.blaine@mail.com
356,Dianne,Reigle,dianne.reigle@mail.com
357,Tonia,Armstrong,tonia.armstrong@mail.com
358,Quintin,Gray,quintin.gray@mail.com
359,Brandon,Arias,brandon.arias@mail.com
360,Gary,Elliott,gary.elliott@mail.com
361,Charles,Miller,charles.miller@mail.com
362,Harry,Lambe,harry.lambe@mail.com
363,Dana,Levin,dana.levin@mail.com
364,Ashley,Alvarez,ashley.alvarez@mail.com
365,Edward,Lovins,edward.lovins@mail.com
366,Dennis,Deubler,dennis.deubler@mail.com
367,John,Graham,john.graham@mail.com
368,Heather,Mills,heather.mills@mail.com
369,Donna,Pierce,donna.pierce@mail.com
370,Kim,Peralta,kim.peralta@mail.com
371,Elizabeth,Fett,elizabeth.fett@mail.com
372,Elizabeth,Cody,elizabeth.cody@mail.com
373,Janet,Latta,janet.latta@mail.com
374,William,Lacombe,william.lacombe@mail.com
375,Gregory,Wallace,gregory.wallace@mail.com
376,Shelby,Kimmes,shelby.kimmes@mail.com
377,Donn,Khoury,donn.khoury@mail.com
378,Maxine,Ricks,maxine.ricks@mail.com
379,Garrett,Lewandowski,garrett.lewandowski@mail.com
380,Iris,Schuette,iris.schuette@mail.com
381,Joshua,Mcguire,joshua.mcguire@mail.com
382,David,Wierzbicki,david.wierzbicki@mail.com
383,Diane,Alexander,diane.alexander@mail.com
384,Gwen,Lawson,gwen.lawson@mail.com
385,Francisco,Johnson,francisco.johnson@mail.com
386,Ronald,Hudson,ronald.hudson@mail.com
387,Daniel,Neves,daniel.neves@mail.com
388,Gary,Herbert,gary.herbert@mail.com
389,Lorinda,Trahan,lorinda.trahan@mail.com
390,Kimberly,Dixon,kimberly.dixon@mail.com
391,Glenda,Slatton,glenda.slatton@mail.com
392,Albert,Lloyd,albert.lloyd@mail.com
393,Al,Avery,al.avery@mail.com
394,Samuel,Kelley,samuel.kelley@mail.com
395,Janet,Mcallister,janet.mcallister@mail.com
396,Barbara,Nye,barbara.nye@mail.com
397,Pamela,Jenkins,pamela.jenkins@mail.com
398,Rita,Thompson,rita.thompson@mail.com
399,Kirk,Flowers,kirk.flowers@mail.com
400,Frank,Langeness,frank.langeness@mail.com
401,Alan,Provost,alan.provost@mail.com
402,Elizabeth,Crivello,elizabeth.crivello@mail.com
403,Martha,Hollister,martha.hollister@mail.com
404,Paula,Broyles,paula.broyles@mail.com
405,Dominic,Hughes,dominic.hughes@mail.com
406,Luis,Omalley,luis.omalley@mail.com
407,Kenneth,Egersdorf,kenneth.egersdorf@mail.com
408,Amanda,Vaughn,amanda.vaughn@mail.com
409,Patricia,Geary,patricia.geary@mail.com
410,Daniel,Klug,daniel.klug@mail.com
411,Monique,Bragg,monique.bragg@mail.com
412,Kathleen,Gallegos,kathleen.gallegos@mail.com
413,Jerome,Epps,jerome.epps@mail.com
414,Jamie,Harley,jamie.harley@mail.com
415,Erin,Wolf,erin.wolf@mail.com
416,Virginia,Levesque,virginia.levesque@mail.com
417,Erica,Davis,erica.davis@mail.com
418,George,Rumph,george.rumph@mail.com
419,Cheryl,Cox,cheryl.cox@mail.com
420,Lynn,Moore,lynn.moore@mail.com
421,Leonard,Greene,leonard.greene@mail.com
422,Juan,Howard,juan.howard@mail.com
423,Judy,Morse,judy.morse@mail.com
424,Deborah,Branch,deborah.branch@mail.com
425,Deanna,Brockman,deanna.brockman@mail.com
426,Edna,Black,edna.black@mail.com
427,Richard,Johns,richard.johns@mail.com
428,Matthew,Castro,matthew.castro@mail.com
429,Jessie,Kelley,jessie.kelley@mail.com
430,Donald,Rogers,donald.rogers@mail.com
431,David,Guillermo,david.guillermo@mail.com
432,Donald,Graves,donald.graves@mail.com
433,Grace,Crews,grace.crews@mail.com
434,Christy,Core,christy.core@mail.com
435,Rebecca,Miller,rebecca.miller@mail.com
436,Brian,Marter,brian.marter@mail.com
437,Carol,Goodman,carol.goodman@mail.com
438,Brian,Harris,brian.harris@mail.com
439,Gerald,Truxler,gerald.truxler@mail.com
440,Eric,Brooks,eric.brooks@mail.com
441,Clarence,Nolan,clarence.nolan@mail.com
442,Darryl,Greco,darryl.greco@mail.com
443,Douglas,Lambert,douglas.lambert@mail.com
444,Diana,Jones,diana.jones@mail.com
445,Troy,Kaminski,troy.kaminski@mail.com
446,Adrian,Hamada,adrian.hamada@mail.com
447,Shawn,Perdue,shawn.perdue@mail.com
448,Duane,Eichberger,duane.eichberger@mail.com
449,Neva,Stapler,neva.stapler@mail.com
450,Alfred,Stoller,alfred.stoller@mail.com
451,Ella,Yeend,ella.yeend@mail.com
452,Melvin,Alvarez,melvin.alvarez@mail.com
453,Stanley,Mangram,stanley.mangram@mail.com
454,Julia,Egger,julia.egger@mail.com
455,Lance,Bullard,lance.bullard@mail.com
456,Mark,Ourada,mark.ourada@mail.com
457,Penny,Gauvin,penny.gauvin@mail.com
458,Richard,Harper,richard.harper@mail.com
459,Carlos,Aponte,carlos.aponte@mail.com
460,Lee,Arends,lee.arends@mail.com
461,Dwight,Lenz,dwight.lenz@mail.com
462,Nancy,Dooley,nancy.dooley@mail.com
463,Gary,Baker,gary.baker@mail.com
464,John,Osei,john.osei@mail.com
465,Sarah,Wolf,sarah.wolf@mail.com
466,Bettye,Winchester,bettye.winchester@mail.com
467,Dacia,Gonzalez,dacia.gonzalez@mail.com
468,Daniel,Bemis,daniel.bemis@mail.com
469,Robin,Mitchell,robin.mitchell@mail.com
470,David,Stephens,david.stephens@mail.com
471,Robert,Chaves,robert.chaves@mail.com
472,William,Noyes,william.noyes@mail.com
473,Ann,Graffagnino,ann.graffagnino@mail.com
474,Jean,Tricomi,jean.tricomi@mail.com
475,Brian,Sudderth,brian.sudderth@mail.com
476,Emily,Rief,emily.rief@mail.com
477,Matthew,Flores,matthew.flores@mail.com
478,Ann,Childers,ann.childers@mail.com
479,Jack,Mccarter,jack.mccarter@mail.com
480,Jenny,Lewis,jenny.lewis@mail.com
481,Calvin,Murray,calvin.murray@mail.com
482,John,Rayford,john.rayford@mail.com
483,Justin,Curran,justin.curran@mail.com
484,Timothy,Lowry,timothy.lowry@mail.com
485,Dennis,Pettis,dennis.pettis@mail.com
486,Frank,Barney,frank.barney@mail.com
487,Terrence,Carter,terrence.carter@mail.com
488,Samantha,Botta,samantha.botta@mail.com
489,Elvin,Martinez,elvin.martinez@mail.com
490,Robin,Ouellette,robin.ouellette@mail.com
491,James,Lopez,james.lopez@mail.com
492,Dustin,Sexton,dustin.sexton@mail.com
493,Maria,Beggs,maria.beggs@mail.com
494,Jonathan,Jenkins,jonathan.jenkins@mail.com
495,Byron,Kane,byron.kane@mail.com
496,Cara,Kozak,cara.kozak@mail.com
497,Dale,Arcement,dale.arcement@mail.com
498,Kimberly,Wallace,kimberly.wallace@mail.com
499,Steven,Spillman,steven.spillman@mail.com
500,Carol,Greene,carol.greene@mail.com
