1,Jason,Anders,jason.anders@mail.com
2,Willie,Carrington,willie.carrington@mail.com
3,Melissa,Matthews,melissa.matthews@mail.com
4,Raymond,Burke,raymond.burke@mail.com
5,Ruby,Thomas,ruby.thomas@mail.com
6,Karla,Oconnell,karla.oconnell@mail.com
7,Patsy,Crafter,patsy.crafter@mail.com
8,David,Pizer,david.pizer@mail.com
9,Renae,Padgett,renae.padgett@mail.com
10,Jessica,Krause,jessica.krause@mail.com
11,Betty,Kreitzer,betty.kreitzer@mail.com
12,Carolyn,Brown,carolyn.brown@mail.com
13,Tessa,Ferrer,tessa.ferrer@mail.com
14,Holly,Hobson,holly.hobson@mail.com
15,Violette,Schwart,violette.schwart@mail.com
16,Elena,Brotzman,elena.brotzman@mail.com
17,Wanda,Ramirez,wanda.ramirez@mail.com
18,Jennifer,Thoma,jennifer.thoma@mail.com
19,Stella,Irvine,stella.irvine@mail.com
20,Mario,Hyde,mario.hyde@mail.com
21,Jeffery,Robbins,jeffery.robbins@mail.com
22,Henry,Chalepah,henry.chalepah@mail.com
23,Ray,Niles,ray.niles@mail.com
24,Becky,Blanchard,becky.blanchard@mail.com
25,Freda,Welch,freda.welch@mail.com
26,Karen,Giannakopoulo,karen.giannakopoulo@mail.com
27,Frank,Dooley,frank.dooley@mail.com
28,Wayne,Woods,wayne.woods@mail.com
29,Sandra,Warner,sandra.warner@mail.com
30,Brad,Gay,brad.gay@mail.com
31,Doris,Ballew,doris.ballew@mail.com
32,Paul,Gregg,paul.gregg@mail.com
33,Lisa,Garnes,lisa.garnes@mail.com
34,Sherri,Baldwin,sherri.baldwin@mail.com
35,Cheryl,Eckerson,cheryl.eckerson@mail.com
36,William,Wilcox,william.wilcox@mail.com
37,Nina,Ortiz,nina.ortiz@mail.com
38,Brandy,Johansson,brandy.johansson@mail.com
39,Brenda,Delaney,brenda.delaney@mail.com
40,Jennie,Aguilera,jennie.aguilera@mail.com
41,Timothy,Frazier,timothy.frazier@mail.com
42,Angela,Mccabe,angela.mccabe@mail.com
43,Karen,Robinson,karen.robinson@mail.com
44,Michael,Fry,michael.fry@mail.com
45,Jody,Gonzalez,jody.gonzalez@mail.com
46,Karen,Jones,karen.jones@mail.com
47,Irene,Mosconi,irene.mosconi@mail.com
48,Allen,Meyer,allen.meyer@mail.com
49,Jonathan,Branson,jonathan.branson@mail.com
50,Joshua,Grady,joshua.grady@mail.com
51,Donna,Hickson,donna.hickson@mail.com
52,Jennifer,Fetterhoff,jennifer.fetterhoff@mail.com
53,Robert,Ledford,robert.ledford@mail.com
54,Jason,Pittman,jason.pittman@mail.com
55,William,Emery,william.emery@mail.com
56,Loretta,Kelly,loretta.kelly@mail.com
57,Carl,Fries,carl.fries@mail.com
58,Natasha,Crow,natasha.crow@mail.com
59,Michael,Cendejas,michael.cendejas@mail.com
60,Linda,Gray,linda.gray@mail.com
61,Emily,Maia,emily.maia@mail.com
62,Anne,Qualls,anne.qualls@mail.com
63,Kelsey,Hine,kelsey.hine@mail.com
64,Annette,Lee,annette.lee@mail.com
65,Kimberly,Hidalgo,kimberly.hidalgo@mail.com
66,Cristie,Johnston,cristie.johnston@mail.com
67,Edward,Greenwood,edward.greenwood@mail.com
68,Anna,Kelso,anna.kelso@mail.com
69,Emily,Barnett,emily.barnett@mail.com
70,Charles,Toller,charles.toller@mail.com
71,Ruth,Alam,ruth.alam@mail.com
72,Rocco,Colindres,rocco.colindres@mail.com
73,Pat,Wilkins,pat.wilkins@mail.com
74,Rosa,Heminger,rosa.heminger@mail.com
75,Mary,Miller,mary.miller@mail.com
76,James,Patty,james.patty@mail.com
77,Jean,Bartelt,jean.bartelt@mail.com
78,Brent,Nielsen,brent.nielsen@mail.com
79,Norman,Ward,norman.ward@mail.com
80,Michael,Lawson,michael.lawson@mail.com
81,Eva,Wagner,eva.wagner@mail.com
82,Richard,Gonsoulin,richard.gonsoulin@mail.com
83,Rhonda,Smith,rhonda.smith@mail.com
84,Joe,Hallam,joe.hallam@mail.com
85,Ruby,Hodges,ruby.hodges@mail.com
86,Victor,Weaver,victor.weaver@mail.com
87,Christen,Weaver,christen.weaver@mail.com
88,Victor,Burkholder,victor.burkholder@mail.com
89,Austin,Frenzel,austin.frenzel@mail.com
90,Raymond,Peoples,raymond.peoples@mail.com
91,Patricia,Sims,patricia.sims@mail.com
92,Maria,Mcclelland,maria.mcclelland@mail.com
93,Tony,Lust,tony.lust@mail.com
94,Jeffrey,Matus,jeffrey.matus@mail.com
95,Robert,Burke,robert.burke@mail.com
96,Rick,Deleon,rick.deleon@mail.com
97,June,Bailey,june.bailey@mail.com
98,Carla,Howard,carla.howard@mail.com
99,Michael,Schluter,michael.schluter@mail.com
100,Herman,Neu,herman.neu@mail.com
101,Richard,Hale,richard.hale@mail.com
102,Mark,Cates,mark.cates@mail.com
103,Tonya,Phillips,tonya.phillips@mail.com
104,Doris,Zobel,doris.zobel@mail.com
105,Marvin,Mcmillian,marvin.mcmillian@mail.com
106,Kenneth,Fosler,kenneth.fosler@mail.com
107,Beulah,Moser,beulah.moser@mail.com
108,Bernard,Montoya,bernard.montoya@mail.com
109,Donald,Sanders,donald.sanders@mail.com
110,Chris,Madden,chris.madden@mail.com
111,Deborah,Wolfe,deborah.wolfe@mail.com
112,Virginia,Henderson,virginia.henderson@mail.com
113,Jeffrey,Stafford,jeffrey.stafford@mail.com
114,Barbara,Mcdanel,barbara.mcdanel@mail.com
115,John,Smith,john.smith@mail.com
116,Jessie,Lopez,jessie.lopez@mail.com
117,John,Wolfgang,john.wolfgang@mail.com
118,Judith,Wilbanks,judith.wilbanks@mail.com
119,Joseph,Nowlin,joseph.nowlin@mail.com
120,Daniel,Lincoln,daniel.lincoln@mail.com
121,Dominic,Burgess,dominic.burgess@mail.com
122,Kyle,Carrabine,kyle.carrabine@mail.com
123,Roberta,Walton,roberta.walton@mail.com
124,Teresa,Stubbs,teresa.stubbs@mail.com
125,Bernardo,Reid,bernardo.reid@mail.com
126,Mark,Watkins,mark.watkins@mail.com
127,Mark,Kellerman,mark.kellerman@mail.com
128,Debra,Bogdon,debra.bogdon@mail.com
129,Shawn,Reyes,shawn.reyes@mail.com
130,Amber,Cain,amber.cain@mail.com
131,Steven,Jaillet,steven.jaillet@mail.com
132,Rebecca,Jacobs,rebecca.jacobs@mail.com
133,Arlene,Bragg,arlene.bragg@mail.com
134,Charles,Ferguson,charles.ferguson@mail.com
135,Robert,Rogers,robert.rogers@mail.com
136,Gloria,Finley,gloria.finley@mail.com
137,Benjamin,Wilkins,benjamin.wilkins@mail.com
138,Dorothy,Roberts,dorothy.roberts@mail.com
139,David,Conn,david.conn@mail.com
140,Mildred,James,mildred.james@mail.com
141,Anne,Whitehead,anne.whitehead@mail.com
142,Yolanda,Rebello,yolanda.rebello@mail.com
143,William,Vargas,william.vargas@mail.com
144,Richard,Gomez,richard.gomez@mail.com
145,Charles,Kopp,charles.kopp@mail.com
146,Elizabeth,Loomis,elizabeth.loomis@mail.com
147,Jeanette,Cherry,jeanette.cherry@mail.com
148,Rico,Washington,rico.washington@mail.com
149,John,Jeppesen,john.jeppesen@mail.com
150,Kari,Place,kari.place@mail.com
151,Carl,Griswell,carl.griswell@mail.com
152,Joseph,Eppinger,joseph.eppinger@mail.com
153,Shelia,Duncan,shelia.duncan@mail.com
154,Omar,Tapley,omar.tapley@mail.com
155,Wanda,Hastings,wanda.hastings@mail.com
156,Christine,Nichols,christine.nichols@mail.com
157,Justin,Huggins,justin.huggins@mail.com
158,Jack,Rodriguez,jack.rodriguez@mail.com
159,Patti,Lawley,patti.lawley@mail.com
160,Tami,Killian,tami.killian@mail.com
161,Sheila,Miner,sheila.miner@mail.com
162,James,Mayer,james.mayer@mail.com
163,Lucille,Watkins,lucille.watkins@mail.com
164,Juan,Rogers,juan.rogers@mail.com
165,Lisa,Chang,lisa.chang@mail.com
166,Bob,Tuttle,bob.tuttle@mail.com
167,Ronald,Price,ronald.price@mail.com
168,Michael,Orth,michael.orth@mail.com
169,Christopher,Mcgaugh,christopher.mcgaugh@mail.com
170,Sharon,Hanisch,sharon.hanisch@mail.com
171,Leonard,Siddon,leonard.siddon@mail.com
172,Janet,Barrett,janet.barrett@mail.com
173,Brian,Preusser,brian.preusser@mail.com
174,Charles,Pryor,charles.pryor@mail.com
175,Louann,Mcnally,louann.mcnally@mail.com
176,Karen,Grubbs,karen.grubbs@mail.com
177,Carolyn,Flemming,carolyn.flemming@mail.com
178,Virginia,Jones,virginia.jones@mail.com
179,Richard,Reynolds,richard.reynolds@mail.com
180,Roberta,Bledsoe,roberta.bledsoe@mail.com
181,Antionette,Burke,antionette.burke@mail.com
182,Teresa,Delatorre,teresa.delatorre@mail.com
183,Charles,Wade,charles.wade@mail.com
184,Jeff,Brown,jeff.brown@mail.com
185,Peter,Walling,peter.walling@mail.com
186,Christina,Ratterman,christina.ratterman@mail.com
187,Sachiko,Knower,sachiko.knower@mail.com
188,Don,Vannest,don.vannest@mail.com
189,Jesse,Holmes,jesse.holmes@mail.com
190,Alice,Turner,alice.turner@mail.com
191,Walter,Burr,walter.burr@mail.com
192,Penny,Shinkle,penny.shinkle@mail.com
193,Racheal,Begley,racheal.begley@mail.com
194,Louise,Riddick,louise.riddick@mail.com
195,Oscar,Rainville,oscar.rainville@mail.com
196,Kristen,English,kristen.english@mail.com
197,Sue,Easterwood,sue.easterwood@mail.com
198,Dan,Smith,dan.smith@mail.com
199,Joe,Arreola,joe.arreola@mail.com
200,Lisa,Santiago,lisa.santiago@mail.com
201,Glen,Spooner,glen.spooner@mail.com
202,David,Whittington,david.whittington@mail.com
203,Monique,Smith,monique.smith@mail.com
204,Ronald,Cargill,ronald.cargill@mail.com
205,David,Ramirez,david.ramirez@mail.com
206,Casey,Kelley,casey.kelley@mail.com
207,Richard,Chong,richard.chong@mail.com
208,Joe,Mclaughlin,joe.mclaughlin@mail.com
209,Steve,Castillo,steve.castillo@mail.com
210,Clara,Drouin,clara.drouin@mail.com
211,Thomas,Sharpe,thomas.sharpe@mail.com
212,Frank,Stone,frank.stone@mail.com
213,Ursula,Hipp,ursula.hipp@mail.com
214,William,Allison,william.allison@mail.com
215,Mary,Swank,mary.swank@mail.com
216,Mike,Booker,mike.booker@mail.com
217,Zachery,Swearingen,zachery.swearingen@mail.com
218,Eugene,Reeser,eugene.reeser@mail.com
219,Jill,Hengl,jill.hengl@mail.com
220,Denisha,Stinson,denisha.stinson@mail.com
221,Mary,Klauer,mary.klauer@mail.com
222,Jeremy,Bolton,jeremy.bolton@mail.com
223,Zelma,Burmeister,zelma.burmeister@mail.com
224,Larry,Loftis,larry.loftis@mail.com
225,John,Pinon,john.pinon@mail.com
226,Megan,Kalkman,megan.kalkman@mail.com
227,Milton,Gregorio,milton.gregorio@mail.com
228,Dianna,Fenster,dianna.fenster@mail.com
229,Joseph,Ward,joseph.ward@mail.com
230,Joann,Bishop,joann.bishop@mail.com
231,Elizabeth,Peabody,elizabeth.peabody@mail.com
232,Keith,Reeves,keith.reeves@mail.com
233,Janice,Parker,janice.parker@mail.com
234,Anthony,Hitt,anthony.hitt@mail.com
235,Charles,Clements,charles.clements@mail.com
236,Walter,Natali,walter.natali@mail.com
237,Mack,Collica,mack.collica@mail.com
238,Agnes,Lund,agnes.lund@mail.com
239,Crystal,Sanchez,crystal.sanchez@mail.com
240,Michell,Kelley,michell.kelley@mail.com
241,James,Alexander,james.alexander@mail.com
242,Edythe,Meyers,edythe.meyers@mail.com
243,Lacey,Janssen,lacey.janssen@mail.com
244,Kristine,Jacobs,kristine.jacobs@mail.com
245,Dora,Santiago,dora.santiago@mail.com
246,Noel,Sweeney,noel.sweeney@mail.com
247,John,Ross,john.ross@mail.com
248,Sharon,Wentz,sharon.wentz@mail.com
249,Fabian,Walsh,fabian.walsh@mail.com
250,Necole,Musgrove,necole.musgrove@mail.com
251,Eddie,Smith,eddie.smith@mail.com
252,Kelly,Medrano,kelly.medrano@mail.com
253,Charlotte,Bell,charlotte.bell@mail.com
254,Patrick,Lloyd,patrick.lloyd@mail.com
255,Maureen,Cook,maureen.cook@mail.com
256,Kimberly,Guillen,kimberly.guillen@mail.com
257,Joanna,Garza,joanna.garza@mail.com
258,Michael,Adkins,michael.adkins@mail.com
259,Ellen,Faulkner,ellen.faulkner@mail.com
260,Loretta,Pliml,loretta.pliml@mail.com
261,Mary,Malinski,mary.malinski@mail.com
262,Helen,Goodwin,helen.goodwin@mail.com
263,Carol,Escamilla,carol.escamilla@mail.com
264,Patrina,Talty,patrina.talty@mail.com
265,Tessie,Alvarado,tessie.alvarado@mail.com
266,Kathryn,Carr,kathryn.carr@mail.com
267,Mary,Tran,mary.tran@mail.com
268,Tammy,Hamilton,tammy.hamilton@mail.com
269,William,Barns,william.barns@mail.com
270,Wilma,Scott,wilma.scott@mail.com
271,Thomas,Rolan,thomas.rolan@mail.com
272,Mark,Werner,mark.werner@mail.com
273,Charlie,Howard,charlie.howard@mail.com
274,Joey,Luna,joey.luna@mail.com
275,Jerry,Molina,jerry.molina@mail.com
276,Donna,Harmon,donna.harmon@mail.com
277,Pauline,Kercher,pauline.kercher@mail.com
278,John,Powell,john.powell@mail.com
279,Barbara,Bateman,barbara.bateman@mail.com
280,Hugh,Evetts,hugh.evetts@mail.com
281,Beverly,Jacobson,beverly.jacobson@mail.com
282,Laura,Cruz,laura.cruz@mail.com
283,Erma,Heckstall,erma.heckstall@mail.com
284,Dorothy,Levine,dorothy.levine@mail.com
285,Jennifer,Sheehan,jennifer.sheehan@mail.com
286,Joseph,Pak,joseph.pak@mail.com
287,Gigi,Higgins,gigi.higgins@mail.com
288,Amy,Finney,amy.finney@mail.com
289,Theodore,Bryant,theodore.bryant@mail.com
290,Mark,Henrick,mark.henrick@mail.com
291,Rosie,Levenhagen,rosie.levenhagen@mail.com
292,Calvin,Elem,calvin.elem@mail.com
293,Shirley,James,shirley.james@mail.com
294,Antonio,Santoya,antonio.santoya@mail.com
295,Linda,Holst,linda.holst@mail.com
296,Shelia,Cook,shelia.cook@mail.com
297,Doris,Baldwin,doris.baldwin@mail.com
298,Julia,Miller,julia.miller@mail.com
299,Karen,Putman,karen.putman@mail.com
300,Daniel,Colone,daniel.colone@mail.com
301,Joe,Cross,joe.cross@mail.com
302,Sharon,Arroyo,sharon.arroyo@mail.com
303,Robert,Flores,robert.flores@mail.com
304,Leona,Ibara,leona.ibara@mail.com
305,Alva,Moore,alva.moore@mail.com
306,Marjory,Beebe,marjory.beebe@mail.com
307,Dennis,Wolf,dennis.wolf@mail.com
308,Hilary,Wong,hilary.wong@mail.com
309,Shelly,Carlson,shelly.carlson@mail.com
310,Chrystal,Dearmitt,chrystal.dearmitt@mail.com
311,Catherine,Moore,catherine.moore@mail.com
312,Katie,Chattin,katie.chattin@mail.com
313,Angela,Waters,angela.waters@mail.com
314,Ida,Dawson,ida.dawson@mail.com
315,Barbara,Jones,barbara.jones@mail.com
316,Rosetta,Lawrence,rosetta.lawrence@mail.com
317,James,Ulibarri,james.ulibarri@mail.com
318,Angelo,Garay,angelo.garay@mail.com
319,Michelle,Murelli,michelle.murelli@mail.com
320,Lisa,Marquez,lisa.marquez@mail.com
321,Norma,Cronin,norma.cronin@mail.com
322,Jamie,Henderson,jamie.henderson@mail.com
323,Carmen,Ford,carmen.ford@mail.com
324,Patricia,Absher,patricia.absher@mail.com
325,Frank,Ammons,frank.ammons@mail.com
326,Robert,Wilmoth,robert.wilmoth@mail.com
327,James,Syring,james.syring@mail.com
328,Kate,Colbert,kate.colbert@mail.com
329,Scott,Black,scott.black@mail.com
330,Maria,Anderson,maria.anderson@mail.com
331,Lisa,Heisler,lisa.heisler@mail.com
332,Pamela,Niceswander,pamela.niceswander@mail.com
333,Cindy,Essex,cindy.essex@mail.com
334,Patricia,Vaughan,patricia.vaughan@mail.com
335,Patrick,Phaneuf,patrick.phaneuf@mail.com
336,James,Pynes,james.pynes@mail.com
337,Becky,Maul,becky.maul@mail.com
338,Alfred,Cardwell,alfred.cardwell@mail.com
339,Christopher,Morales,christopher.morales@mail.com
340,Tracie,Sullivan,tracie.sullivan@mail.com
341,Wesley,Connell,wesley.connell@mail.com
342,Charlotte,Jones,charlotte.jones@mail.com
343,Robin,Fox,robin.fox@mail.com
344,Nancy,Feucht,nancy.feucht@mail.com
345,Earline,Sane,earline.sane@mail.com
346,Christopher,Erling,christopher.erling@mail.com
347,Rosa,Garcia,rosa.garcia@mail.com
348,Jeannine,Whitley,jeannine.whitley@mail.com
349,Andre,Luchetti,andre.luchetti@mail.com
350,Wayne,Dubicki,wayne.dubicki@mail.com
351,Ed,Patterson,ed.patterson@mail.com
352,Jesse,Watts,jesse.watts@mail.com
353,Joseph,Morey,joseph.morey@mail.com
354,Sean,Guerrero,sean.guerrero@mail.com
355,Edward,Kaeo,edward.kaeo@mail.com
356,Roger,Reed,roger.reed@mail.com
357,Arlene,Sawyer,arlene.sawyer@mail.com
358,Michael,Keith,michael.keith@mail.com
359,Rhonda,Bruno,rhonda.bruno@mail.com
360,Barbara,Vera,barbara.vera@mail.com
361,Shannon,Williams,shannon.williams@mail.com
362,Ruth,Smith,ruth.smith@mail.com
363,Frederick,Mahi,frederick.mahi@mail.com
364,Vance,Botkin,vance.botkin@mail.com
365,Alma,Daniel,alma.daniel@mail.com
366,John,King,john.king@mail.com
367,Norman,Alvarado,norman.alvarado@mail.com
368,Helen,Ernst,helen.ernst@mail.com
369,Kimberely,Smith,kimberely.smith@mail.com
370,Justin,Rhodes,justin.rhodes@mail.com
371,Stacey,Oconnor,stacey.oconnor@mail.com
372,Clyde,Gill,clyde.gill@mail.com
373,Martha,Brown,martha.brown@mail.com
374,David,Biddle,david.biddle@mail.com
375,Gary,Lohr,gary.lohr@mail.com
376,Thomas,Jones,thomas.jones@mail.com
377,Brandon,Palmer,brandon.palmer@mail.com
378,Genevieve,Heaps,genevieve.heaps@mail.com
379,Kathy,Bauder,kathy.bauder@mail.com
380,Margie,Gomez,margie.gomez@mail.com
381,Melvin,Wood,melvin.wood@mail.com
382,Joseph,Layton,joseph.layton@mail.com
383,Teresa,Delfuente,teresa.delfuente@mail.com
384,Eddie,Nicholson,eddie.nicholson@mail.com
385,Sue,Stephens,sue.stephens@mail.com
386,Cesar,Bachorski,cesar.bachorski@mail.com
387,Xiao,Kovach,xiao.kovach@mail.com
388,Ruth,Dean,ruth.dean@mail.com
389,George,Kluz,george.kluz@mail.com
390,Douglas,Hernandez,douglas.hernandez@mail.com
391,Joseph,Mccleary,joseph.mccleary@mail.com
392,Alice,Wiley,alice.wiley@mail.com
393,Donna,Hobson,donna.hobson@mail.com
394,Andrea,Kindle,andrea.kindle@mail.com
395,James,Ingram,james.ingram@mail.com
396,Paul,Rice,paul.rice@mail.com
397,Susan,Kidd,susan.kidd@mail.com
398,Tina,Jeffries,tina.jeffries@mail.com
399,Francisco,Hand,francisco.hand@mail.com
400,Roy,Erwin,roy.erwin@mail.com
401,Melissa,Ford,melissa.ford@mail.com
402,Janice,Miles,janice.miles@mail.com
403,Karen,Smith,karen.smith@mail.com
404,Amanda,Zollars,amanda.zollars@mail.com
405,Allen,Withers,allen.withers@mail.com
406,Spencer,Johnson,spencer.johnson@mail.com
407,Susan,Simpson,susan.simpson@mail.com
408,Thomas,Wilson,thomas.wilson@mail.com
409,Lena,Patton,lena.patton@mail.com
410,Joseph,Rucker,joseph.rucker@mail.com
411,Justin,Davis,justin.davis@mail.com
412,Oscar,Huggins,oscar.huggins@mail.com
413,Robert,Salters,robert.salters@mail.com
414,Michael,Adams,michael.adams@mail.com
415,Delores,Robles,delores.robles@mail.com
416,Kurt,Tuttle,kurt.tuttle@mail.com
417,William,Jones,william.jones@mail.com
418,Teresa,Hurdle,teresa.hurdle@mail.com
419,Herschel,Nolen,herschel.nolen@mail.com
420,Cody,Averett,cody.averett@mail.com
421,James,Cruz,james.cruz@mail.com
422,James,Vanscooter,james.vanscooter@mail.com
423,Brett,Mccluskey,brett.mccluskey@mail.com
424,Janet,Ryan,janet.ryan@mail.com
425,Patricia,Amezaga,patricia.amezaga@mail.com
426,Matthew,White,matthew.white@mail.com
427,Ryan,Benford,ryan.benford@mail.com
428,Holly,Bell,holly.bell@mail.com
429,Blanca,Fowler,blanca.fowler@mail.com
430,Evelyn,Miller,evelyn.miller@mail.com
431,Doris,Bradley,doris.bradley@mail.com
432,Lydia,West,lydia.west@mail.com
433,Bradley,Baggett,bradley.baggett@mail.com
434,Jennifer,Farnam,jennifer.farnam@mail.com
435,Ronald,Ruiz,ronald.ruiz@mail.com
436,Blanca,Fesperman,blanca.fesperman@mail.com
437,Donald,Kruse,donald.kruse@mail.com
438,Jacelyn,Barksdale,jacelyn.barksdale@mail.com
439,Helen,Diaz,helen.diaz@mail.com
440,Ruby,Mcleod,ruby.mcleod@mail.com
441,Mildred,Moise,mildred.moise@mail.com
442,Myra,Girard,myra.girard@mail.com
443,Jody,Quinn,jody.quinn@mail.com
444,Herbert,Weaver,herbert.weaver@mail.com
445,Julia,Wilkins,julia.wilkins@mail.com
446,Matthew,Estep,matthew.estep@mail.com
447,Anna,Brooks,anna.brooks@mail.com
448,Micheal,Sedillo,micheal.sedillo@mail.com
449,Luke,Robinson,luke.robinson@mail.com
450,William,Fuller,william.fuller@mail.com
451,Benny,Henry,benny.henry@mail.com
452,Angel,Arnold,angel.arnold@mail.com
453,Christopher,Chambers,christopher.chambers@mail.com
454,Thomas,Young,thomas.young@mail.com
455,Consuelo,Smith,consuelo.smith@mail.com
456,Robin,Bunker,robin.bunker@mail.com
457,Linda,Quinones,linda.quinones@mail.com
458,Diana,Smith,diana.smith@mail.com
459,Anthony,Lapointe,anthony.lapointe@mail.com
460,Emmanuel,Watson,emmanuel.watson@mail.com
461,Beatrice,Gordin,beatrice.gordin@mail.com
462,Michelle,Allen,michelle.allen@mail.com
463,Carrie,Harris,carrie.harris@mail.com
464,Britney,Fredeen,britney.fredeen@mail.com
465,Carolyn,Bobo,carolyn.bobo@mail.com
466,Daniel,Wells,daniel.wells@mail.com
467,Rossana,Magar,rossana.magar@mail.com
468,Jerry,Boyle,jerry.boyle@mail.com
469,Heather,Dixon,heather.dixon@mail.com
470,Fernando,Baynard,fernando.baynard@mail.com
471,Amanda,Knowles,amanda.knowles@mail.com
472,Anne,Simmons,anne.simmons@mail.com
473,Frances,Barile,frances.barile@mail.com
474,Jacob,Dutton,jacob.dutton@mail.com
475,Miriam,Davis,miriam.davis@mail.com
476,Janice,Harr,janice.harr@mail.com
477,James,Mullins,james.mullins@mail.com
478,Edgar,Watton,edgar.watton@mail.com
479,Debra,Young,debra.young@mail.com
480,Diane,Meeks,diane.meeks@mail.com
481,David,Perez,david.perez@mail.com
482,Ryan,Hayes,ryan.hayes@mail.com
483,Geraldine,Barber,geraldine.barber@mail.com
484,Mary,Boggs,mary.boggs@mail.com
485,Richard,Hardy,richard.hardy@mail.com
486,Roxanne,Chappell,roxanne.chappell@mail.com
487,Lena,Ojeda,lena.ojeda@mail.com
488,Johnny,Hoggins,johnny.hoggins@mail.com
489,Gracie,Staggs,gracie.staggs@mail.com
490,Louise,Nogle,louise.nogle@mail.com
491,Diane,Taylor,diane.taylor@mail.com
492,Gabriel,Bell,gabriel.bell@mail.com
493,Gerald,Jones,gerald.jones@mail.com
494,Kaylene,Cross,kaylene.cross@mail.com
495,Sharon,Parker,sharon.parker@mail.com
496,Tracy,Mitchell,tracy.mitchell@mail.com
497,Larry,Corbett,larry.corbett@mail.com
498,Zachary,Erskine,zachary.erskine@mail.com
499,David,Hanson,david.hanson@mail.com
500,Christopher,Williams,christopher.williams@mail.com
