1,Teresa,Brown,teresa.brown@mail.com
2,Jack,Hendrix,jack.hendrix@mail.com
3,Teresa,Phelps,teresa.phelps@mail.com
4,Sharon,Koehler,sharon.koehler@mail.com
5,Ernesto,Harding,ernesto.harding@mail.com
6,Valerie,Harper,valerie.harper@mail.com
7,Joseph,Mendell,joseph.mendell@mail.com
8,Benjamin,Thon,benjamin.thon@mail.com
9,Charles,Srinivasan,charles.srinivasan@mail.com
10,Christopher,White,christopher.white@mail.com
11,Robyn,Wells,robyn.wells@mail.com
12,Ernest,Sloan,ernest.sloan@mail.com
13,Danielle,Wafer,danielle.wafer@mail.com
14,Sherri,Pollman,sherri.pollman@mail.com
15,Robert,Griffith,robert.griffith@mail.com
16,Stewart,Ferguson,stewart.ferguson@mail.com
17,Albert,Friesner,albert.friesner@mail.com
18,Heather,Jackson,heather.jackson@mail.com
19,Harold,Wiant,harold.wiant@mail.com
20,Patricia,Holloway,patricia.holloway@mail.com
21,Rochelle,Moskal,rochelle.moskal@mail.com
22,Robert,Nebeker,robert.nebeker@mail.com
23,Christine,Watkins,christine.watkins@mail.com
24,Shirley,Buehlman,shirley.buehlman@mail.com
25,Sharon,Wickman,sharon.wickman@mail.com
26,Genaro,Hancock,genaro.hancock@mail.com
27,Roderick,Hassler,roderick.hassler@mail.com
28,Brian,Clark,brian.clark@mail.com
29,Gladys,Meyer,gladys.meyer@mail.com
30,James,Rutter,james.rutter@mail.com
31,Kathi,Bell,kathi.bell@mail.com
32,Jeanine,Gabel,jeanine.gabel@mail.com
33,Alice,Flores,alice.flores@mail.com
34,Jason,Bose,jason.bose@mail.com
35,Lester,Cam,lester.cam@mail.com
36,Carmen,Atkinson,carmen.atkinson@mail.com
37,Ralph,Macias,ralph.macias@mail.com
38,Frederick,Calkins,frederick.calkins@mail.com
39,Alice,Richards,alice.richards@mail.com
40,Clayton,Tusing,clayton.tusing@mail.com
41,William,Stevens,william.stevens@mail.com
42,Josephine,Hearn,josephine.hearn@mail.com
43,Diana,Garcia,diana.garcia@mail.com
44,Maria,Eubanks,maria.eubanks@mail.com
45,Celeste,Gray,celeste.gray@mail.com
46,Katelyn,Brown,katelyn.brown@mail.com
47,Sally,English,sally.english@mail.com
48,Major,Robey,major.robey@mail.com
49,Elliott,Pulido,elliott.pulido@mail.com
50,Lina,Finder,lina.finder@mail.com
51,Sean,Riggs,sean.riggs@mail.com
52,Donald,Cope,donald.cope@mail.com
53,Ester,Brand,ester.brand@mail.com
54,Krystal,Barker,krystal.barker@mail.com
55,Ethan,Spracklen,ethan.spracklen@mail.com
56,Donna,Deutscher,donna.deutscher@mail.com
57,Herbert,Odom,herbert.odom@mail.com
58,Lewis,Ybarra,lewis.ybarra@mail.com
59,Leisha,Reyes,leisha.reyes@mail.com
60,Elton,Edmondson,elton.edmondson@mail.com
61,Edgar,Rouleau,edgar.rouleau@mail.com
62,Vera,Rviz,vera.rviz@mail.com
63,Cheryl,Spruiell,cheryl.spruiell@mail.com
64,Larry,Reyes,larry.reyes@mail.com
65,John,Owen,john.owen@mail.com
66,Ida,Hartnett,ida.hartnett@mail.com
67,Joann,Reddy,joann.reddy@mail.com
68,Alex,Mailes,alex.mailes@mail.com
69,Lisa,Thompson,lisa.thompson@mail.com
70,Dorothy,Hudson,dorothy.hudson@mail.com
71,Anna,Thomas,anna.thomas@mail.com
72,Carlton,Wilhite,carlton.wilhite@mail.com
73,Betty,Obrien,betty.obrien@mail.com
74,James,Davis,james.davis@mail.com
75,Richard,Roosevelt,richard.roosevelt@mail.com
76,Sylvester,Mccullough,sylvester.mccullough@mail.com
77,Craig,Bundy,craig.bundy@mail.com
78,Jason,Otterson,jason.otterson@mail.com
79,Debra,Leventhal,debra.leventhal@mail.com
80,Todd,Wessels,todd.wessels@mail.com
81,Amie,Brown,amie.brown@mail.com
82,Jerry,Scruggs,jerry.scruggs@mail.com
83,David,Longie,david.longie@mail.com
84,Heather,Castilleja,heather.castilleja@mail.com
85,Nicole,Maxwell,nicole.maxwell@mail.com
86,Ashli,Overbey,ashli.overbey@mail.com
87,Kathryn,Struck,kathryn.struck@mail.com
88,Susan,Alt,susan.alt@mail.com
89,Glenn,Allen,glenn.allen@mail.com
90,Maria,Jackson,maria.jackson@mail.com
91,Faye,Hopper,faye.hopper@mail.com
92,Virginia,Ziminski,virginia.ziminski@mail.com
93,Sara,Rey,sara.rey@mail.com
94,Jack,Adkins,jack.adkins@mail.com
95,Karen,Politi,karen.politi@mail.com
96,Peter,Dickerson,peter.dickerson@mail.com
97,Donna,Chapa,donna.chapa@mail.com
98,Jamie,Arnold,jamie.arnold@mail.com
99,Timothy,White,timothy.white@mail.com
100,Miguel,Lee,miguel.lee@mail.com
101,Erin,Brock,erin.brock@mail.com
102,Steven,Reyes,steven.reyes@mail.com
103,Erica,Robertson,erica.robertson@mail.com
104,Kara,Murray,kara.murray@mail.com
105,Eddie,Meinzer,eddie.meinzer@mail.com
106,John,Brown,john.brown@mail.com
107,Mary,Veile,mary.veile@mail.com
108,Nancy,Feliciano,nancy.feliciano@mail.com
109,Roger,Lozano,roger.lozano@mail.com
110,Elizabeth,Carter,elizabeth.carter@mail.com
111,Kent,Loughmiller,kent.loughmiller@mail.com
112,Jim,Payne,jim.payne@mail.com
113,Allen,Thayer,allen.thayer@mail.com
114,Edith,Ford,edith.ford@mail.com
115,Scotty,Smith,scotty.smith@mail.com
116,Carol,Masztal,carol.masztal@mail.com
117,Thomas,Marmol,thomas.marmol@mail.com
118,Mariah,Brown,mariah.brown@mail.com
119,Carolyn,Flores,carolyn.flores@mail.com
120,Josephine,Martin,josephine.martin@mail.com
121,Alice,Azevedo,alice.azevedo@mail.com
122,Henry,Vargas,henry.vargas@mail.com
123,William,Sparks,william.sparks@mail.com
124,James,Spotted,james.spotted@mail.com
125,Rita,Griffin,rita.griffin@mail.com
126,Norma,Miller,norma.miller@mail.com
127,Eldon,Haley,eldon.haley@mail.com
128,Omar,Lynum,omar.lynum@mail.com
129,Clarence,England,clarence.england@mail.com
130,John,Bridenbaker,john.bridenbaker@mail.com
131,Kim,Evanoff,kim.evanoff@mail.com
132,Herman,Collier,herman.collier@mail.com
133,Lori,Reynoso,lori.reynoso@mail.com
134,Kurt,Monigold,kurt.monigold@mail.com
135,Rosa,Lowden,rosa.lowden@mail.com
136,Lacy,Whitecotton,lacy.whitecotton@mail.com
137,Angel,Reid,angel.reid@mail.com
138,Brian,Taylor,brian.taylor@mail.com
139,Shane,Schachter,shane.schachter@mail.com
140,Laura,Gracia,laura.gracia@mail.com
141,Beulah,Karr,beulah.karr@mail.com
142,Aaron,Gresham,aaron.gresham@mail.com
143,Ricardo,Voelker,ricardo.voelker@mail.com
144,Kelly,Reyes,kelly.reyes@mail.com
145,Sharon,Poole,sharon.poole@mail.com
146,Amy,Wood,amy.wood@mail.com
147,Evelyn,Burdick,evelyn.burdick@mail.com
148,Chester,Wein,chester.wein@mail.com
149,Keri,Craig,keri.craig@mail.com
150,Billy,Channell,billy.channell@mail.com
151,Jeremy,Marti,jeremy.marti@mail.com
152,Evelyn,Jackson,evelyn.jackson@mail.com
153,Earl,Hand,earl.hand@mail.com
154,Lester,Marrara,lester.marrara@mail.com
155,Paige,Cost,paige.cost@mail.com
156,Mary,Middleton,mary.middleton@mail.com
157,Robert,Ambrose,robert.ambrose@mail.com
158,Gloria,Rice,gloria.rice@mail.com
159,Diana,Garrett,diana.garrett@mail.com
160,Heather,Eaker,heather.eaker@mail.com
161,Jill,Muldrow,jill.muldrow@mail.com
162,Wanda,Gravely,wanda.gravely@mail.com
163,Don,Neville,don.neville@mail.com
164,Gerald,Volz,gerald.volz@mail.com
165,Tish,Hanson,tish.hanson@mail.com
166,John,Roza,john.roza@mail.com
167,John,Byers,john.byers@mail.com
168,George,Steven,george.steven@mail.com
169,Timothy,Pires,timothy.pires@mail.com
170,Deidra,Jackson,deidra.jackson@mail.com
171,Melissa,Brock,melissa.brock@mail.com
172,James,Huth,james.huth@mail.com
173,James,Ortega,james.ortega@mail.com
174,Jennifer,Fitzgerald,jennifer.fitzgerald@mail.com
175,Donald,Glover,donald.glover@mail.com
176,Charles,Chabot,charles.chabot@mail.com
177,Scott,Verdin,scott.verdin@mail.com
178,Jennifer,Bales,jennifer.bales@mail.com
179,Danny,Odom,danny.odom@mail.com
180,Jeanne,English,jeanne.english@mail.com
181,Pauline,Appel,pauline.appel@mail.com
182,Martha,Worley,martha.worley@mail.com
183,Orlando,Younger,orlando.younger@mail.com
184,Robert,Hernandez,robert.hernandez@mail.com
185,Donald,Perez,donald.perez@mail.com
186,John,Miller,john.miller@mail.com
187,Celina,Maroney,celina.maroney@mail.com
188,George,Cothran,george.cothran@mail.com
189,Thomas,Conyers,thomas.conyers@mail.com
190,Rachael,Slaney,rachael.slaney@mail.com
191,Kara,Smith,kara.smith@mail.com
192,Jane,Amey,jane.amey@mail.com
193,Milo,Starkey,milo.starkey@mail.com
194,Shannon,Bishop,shannon.bishop@mail.com
195,Teresa,Manson,teresa.manson@mail.com
196,Shelia,Sneed,shelia.sneed@mail.com
197,Ellen,Cruzan,ellen.cruzan@mail.com
198,Sarah,Fowlie,sarah.fowlie@mail.com
199,Michael,Carroll,michael.carroll@mail.com
200,James,Orr,james.orr@mail.com
201,Jerald,Poteet,jerald.poteet@mail.com
202,Tony,Gibson,tony.gibson@mail.com
203,Candice,Stevenson,candice.stevenson@mail.com
204,Robert,Debartolo,robert.debartolo@mail.com
205,Shirley,Costa,shirley.costa@mail.com
206,Craig,Stewart,craig.stewart@mail.com
207,Dennis,King,dennis.king@mail.com
208,Reba,Miller,reba.miller@mail.com
209,Jerry,Schilling,jerry.schilling@mail.com
210,Andres,Pierson,andres.pierson@mail.com
211,Harry,Navarro,harry.navarro@mail.com
212,Holly,Zubiate,holly.zubiate@mail.com
213,Glen,Richter,glen.richter@mail.com
214,Timothy,Stovall,timothy.stovall@mail.com
215,Sidney,Knox,sidney.knox@mail.com
216,Susan,Sipes,susan.sipes@mail.com
217,Neil,Jones,neil.jones@mail.com
218,Angela,Sorum,angela.sorum@mail.com
219,Mary,Huston,mary.huston@mail.com
220,Danny,Yepsen,danny.yepsen@mail.com
221,Jerome,Jones,jerome.jones@mail.com
222,Jack,Rich,jack.rich@mail.com
223,Douglas,Lara,douglas.lara@mail.com
224,Charles,Palacios,charles.palacios@mail.com
225,Marian,Falkenhagen,marian.falkenhagen@mail.com
226,Joshua,Rosales,joshua.rosales@mail.com
227,Josephine,Fosmire,josephine.fosmire@mail.com
228,Joshua,Crouch,joshua.crouch@mail.com
229,John,Debnam,john.debnam@mail.com
230,Moira,Robb,moira.robb@mail.com
231,Maura,Mejia,maura.mejia@mail.com
232,Steven,Long,steven.long@mail.com
233,Mildred,Hernandez,mildred.hernandez@mail.com
234,James,Catalano,james.catalano@mail.com
235,Melvin,Roberts,melvin.roberts@mail.com
236,Allan,Knight,allan.knight@mail.com
237,Cheryl,Jones,cheryl.jones@mail.com
238,James,Jeffrie,james.jeffrie@mail.com
239,Angela,Kemp,angela.kemp@mail.com
240,Paula,Burke,paula.burke@mail.com
241,Robert,Wohlrab,robert.wohlrab@mail.com
242,Dawn,Ladue,dawn.ladue@mail.com
243,Nicholas,Roberts,nicholas.roberts@mail.com
244,Rosie,Jordon,rosie.jordon@mail.com
245,Sandy,Hutson,sandy.hutson@mail.com
246,Lillian,Newman,lillian.newman@mail.com
247,John,Grubb,john.grubb@mail.com
248,Anthony,Key,anthony.key@mail.com
249,Richard,Gavin,richard.gavin@mail.com
250,Robert,Rhodes,robert.rhodes@mail.com
251,Brittany,Howzell,brittany.howzell@mail.com
252,Shanita,Bisono,shanita.bisono@mail.com
253,Tracy,Barnard,tracy.barnard@mail.com
254,Mary,Painter,mary.painter@mail.com
255,Gale,Mcknight,gale.mcknight@mail.com
256,Sylvia,Brown,sylvia.brown@mail.com
257,Heather,Jackson,heather.jackson@mail.com
258,Charla,Sharkey,charla.sharkey@mail.com
259,Melanie,Sanchez,melanie.sanchez@mail.com
260,Lucille,Riddle,lucille.riddle@mail.com
261,Clayton,Rogers,clayton.rogers@mail.com
262,Brenda,Manley,brenda.manley@mail.com
263,Lawrence,Serrano,lawrence.serrano@mail.com
264,Arthur,Tenney,arthur.tenney@mail.com
265,Robert,Webster,robert.webster@mail.com
266,Tiffany,Balentine,tiffany.balentine@mail.com
267,Christopher,Metz,christopher.metz@mail.com
268,Marie,Williams,marie.williams@mail.com
269,Samuel,Clermont,samuel.clermont@mail.com
270,Allison,Aller,allison.aller@mail.com
271,Alissa,Stout,alissa.stout@mail.com
272,Ida,Sanchez,ida.sanchez@mail.com
273,Billy,Hildebrand,billy.hildebrand@mail.com
274,James,Armstrong,james.armstrong@mail.com
275,Laurence,Meggs,laurence.meggs@mail.com
276,Jeff,Clark,jeff.clark@mail.com
277,Bonnie,Cahill,bonnie.cahill@mail.com
278,Katie,Scott,katie.scott@mail.com
279,Alicia,Davis,alicia.davis@mail.com
280,Kelsey,Hegg,kelsey.hegg@mail.com
281,Frank,Pieper,frank.pieper@mail.com
282,James,Garrett,james.garrett@mail.com
283,Rafael,Oliver,rafael.oliver@mail.com
284,Marilyn,Hall,marilyn.hall@mail.com
285,Trina,Stinson,trina.stinson@mail.com
286,William,Pendry,william.pendry@mail.com
287,Barbara,Miller,barbara.miller@mail.com
288,Martin,Acuff,martin.acuff@mail.com
289,Ernest,Hart,ernest.hart@mail.com
290,Mark,Clark,mark.clark@mail.com
291,Brice,Flores,brice.flores@mail.com
292,Jan,Owens,jan.owens@mail.com
293,Donald,Fields,donald.fields@mail.com
294,Freddie,Pepper,freddie.pepper@mail.com
295,Robert,Jones,robert.jones@mail.com
296,Raymond,Gillis,raymond.gillis@mail.com
297,Stacey,Robinson,stacey.robinson@mail.com
298,John,Cross,john.cross@mail.com
299,Margaret,Sterling,margaret.sterling@mail.com
300,Jeniffer,Moxley,jeniffer.moxley@mail.com
301,Frank,Mcmullin,frank.mcmullin@mail.com
302,Kevin,Steffee,kevin.steffee@mail.com
303,Dorothea,Sanders,dorothea.sanders@mail.com
304,Augustina,Caudill,augustina.caudill@mail.com
305,John,Fye,john.fye@mail.com
306,Samantha,Burke,samantha.burke@mail.com
307,Barbara,Wiesner,barbara.wiesner@mail.com
308,Victor,Moon,victor.moon@mail.com
309,Lowell,Odom,lowell.odom@mail.com
310,Chris,Okeefe,chris.okeefe@mail.com
311,Sonya,Birks,sonya.birks@mail.com
312,Donald,Lung,donald.lung@mail.com
313,William,Catalan,william.catalan@mail.com
314,Richard,Gonzales,richard.gonzales@mail.com
315,Norma,Cunningham,norma.cunningham@mail.com
316,Andrew,Gutierrez,andrew.gutierrez@mail.com
317,Raymond,Woodson,raymond.woodson@mail.com
318,Anna,High,anna.high@mail.com
319,Kathryn,Hayes,kathryn.hayes@mail.com
320,Marguerite,Turner,marguerite.turner@mail.com
321,Robert,Russell,robert.russell@mail.com
322,Robert,Shaw,robert.shaw@mail.com
323,Monty,Jacobson,monty.jacobson@mail.com
324,Brandon,Ortega,brandon.ortega@mail.com
325,Meta,Bayard,meta.bayard@mail.com
326,Michael,Johnson,michael.johnson@mail.com
327,Marietta,Moland,marietta.moland@mail.com
328,Francisco,Wyatt,francisco.wyatt@mail.com
329,Odis,Padilla,odis.padilla@mail.com
330,Doris,Hledik,doris.hledik@mail.com
331,Stephen,Coffey,stephen.coffey@mail.com
332,Maxine,Mortensen,maxine.mortensen@mail.com
333,Harry,Frost,harry.frost@mail.com
334,Roberta,Neal,roberta.neal@mail.com
335,Robert,Clay,robert.clay@mail.com
336,Bertha,Mcdermott,bertha.mcdermott@mail.com
337,Marie,Dixon,marie.dixon@mail.com
338,Patricia,Drane,patricia.drane@mail.com
339,Levi,Autry,levi.autry@mail.com
340,Rhoda,Robichaud,rhoda.robichaud@mail.com
341,Mary,Seamans,mary.seamans@mail.com
342,Tina,Willard,tina.willard@mail.com
343,Ronald,Meyer,ronald.meyer@mail.com
344,Shirley,Jeske,shirley.jeske@mail.com
345,Eric,Alderete,eric.alderete@mail.com
346,Jesus,Yu,jesus.yu@mail.com
347,Jimmy,Silva,jimmy.silva@mail.com
348,Eva,Strohmeyer,eva.strohmeyer@mail.com
349,Marie,Diaz,marie.diaz@mail.com
350,Robert,Love,robert.love@mail.com
351,Eugene,Calderone,eugene.calderone@mail.com
352,Guadalupe,Mercurio,guadalupe.mercurio@mail.com
353,Salvador,Pitts,salvador.pitts@mail.com
354,Sandra,Voigt,sandra.voigt@mail.com
355,Jennifer,Brown,jennifer.brown@mail.com
356,Ladonna,Nieman,ladonna.nieman@mail.com
357,Mia,Huffman,mia.huffman@mail.com
358,Chase,Lewis,chase.lewis@mail.com
359,Daniel,Kightlinger,daniel.kightlinger@mail.com
360,Maria,Geyer,maria.geyer@mail.com
361,Darrell,Estes,darrell.estes@mail.com
362,Robert,Dodson,robert.dodson@mail.com
363,Crystal,Amaya,crystal.amaya@mail.com
364,Delpha,Dempsey,delpha.dempsey@mail.com
365,Sarah,Hunter,sarah.hunter@mail.com
366,Michael,Frank,michael.frank@mail.com
367,Michael,Richardson,michael.richardson@mail.com
368,Pauline,Perez,pauline.perez@mail.com
369,Gail,Dorsey,gail.dorsey@mail.com
370,Colleen,Gonzalez,colleen.gonzalez@mail.com
371,Lisa,Pitcock,lisa.pitcock@mail.com
372,Elizabeth,Sheets,elizabeth.sheets@mail.com
373,Irma,Terry,irma.terry@mail.com
374,Elizabeth,Land,elizabeth.land@mail.com
375,Betty,Hilty,betty.hilty@mail.com
376,Willard,Beckwith,willard.beckwith@mail.com
377,Austin,Jaime,austin.jaime@mail.com
378,Charles,Henderson,charles.henderson@mail.com
379,Trevor,Turner,trevor.turner@mail.com
380,Heidi,Hawkins,heidi.hawkins@mail.com
381,Ana,Martinez,ana.martinez@mail.com
382,Suzanna,Kim,suzanna.kim@mail.com
383,Christopher,Battle,christopher.battle@mail.com
384,Mary,Harris,mary.harris@mail.com
385,Corey,Martin,corey.martin@mail.com
386,Ashley,Laprade,ashley.laprade@mail.com
387,Billy,Gayer,billy.gayer@mail.com
388,Jennifer,Neal,jennifer.neal@mail.com
389,Carol,Nostrand,carol.nostrand@mail.com
390,Darren,Cary,darren.cary@mail.com
391,James,Kisner,james.kisner@mail.com
392,Audrey,Wiedenheft,audrey.wiedenheft@mail.com
393,Carol,Turner,carol.turner@mail.com
394,Gladys,Fennell,gladys.fennell@mail.com
395,Jason,Dhondt,jason.dhondt@mail.com
396,Lois,Mcdill,lois.mcdill@mail.com
397,Beverly,Bartholomew,beverly.bartholomew@mail.com
398,Ross,Lige,ross.lige@mail.com
399,Mandi,Schechter,mandi.schechter@mail.com
400,James,Cisneros,james.cisneros@mail.com
401,Tanisha,Franklin,tanisha.franklin@mail.com
402,Theresa,Bailey,theresa.bailey@mail.com
403,Michelle,Powe,michelle.powe@mail.com
404,Laura,Lopez,laura.lopez@mail.com
405,Shonda,King,shonda.king@mail.com
406,Erick,Kirby,erick.kirby@mail.com
407,John,Huey,john.huey@mail.com
408,Terry,Diehl,terry.diehl@mail.com
409,Ruth,Groves,ruth.groves@mail.com
410,Carson,Salafia,carson.salafia@mail.com
411,Cordell,Cunningham,cordell.cunningham@mail.com
412,Sandra,Mascagni,sandra.mascagni@mail.com
413,Hoa,Fuchs,hoa.fuchs@mail.com
414,Larry,Jones,larry.jones@mail.com
415,Charles,Houston,charles.houston@mail.com
416,Jill,Vidal,jill.vidal@mail.com
417,Marco,Mitchell,marco.mitchell@mail.com
418,James,Thurman,james.thurman@mail.com
419,Timothy,Dilworth,timothy.dilworth@mail.com
420,Brian,Levasseur,brian.levasseur@mail.com
421,Jon,Anderson,jon.anderson@mail.com
422,Richard,Hunter,richard.hunter@mail.com
423,Mark,Davidson,mark.davidson@mail.com
424,Debbie,Mcgowan,debbie.mcgowan@mail.com
425,Greg,Vasallo,greg.vasallo@mail.com
426,Matthew,Mansour,matthew.mansour@mail.com
427,Belinda,Gross,belinda.gross@mail.com
428,Gregory,Shu,gregory.shu@mail.com
429,Carla,Gambrell,carla.gambrell@mail.com
430,Randal,Wertz,randal.wertz@mail.com
431,Lori,Held,lori.held@mail.com
432,Darrell,Svendsen,darrell.svendsen@mail.com
433,Sarah,Rivera,sarah.rivera@mail.com
434,Jimmy,Felderman,jimmy.felderman@mail.com
435,Racheal,Johnson,racheal.johnson@mail.com
436,John,Orbin,john.orbin@mail.com
437,Ann,Johnson,ann.johnson@mail.com
438,John,Wiley,john.wiley@mail.com
439,Douglas,Lora,douglas.lora@mail.com
440,Bobby,Halpin,bobby.halpin@mail.com
441,Stanley,Jolly,stanley.jolly@mail.com
442,Alfred,Rhoades,alfred.rhoades@mail.com
443,David,King,david.king@mail.com
444,Leonard,Sturdivant,leonard.sturdivant@mail.com
445,Donald,Pedigo,donald.pedigo@mail.com
446,Tina,Pope,tina.pope@mail.com
447,Farrah,Buckley,farrah.buckley@mail.com
448,Marilyn,Myers,marilyn.myers@mail.com
449,Ronald,Montague,ronald.montague@mail.com
450,Scott,White,scott.white@mail.com
451,Elizabeth,Major,elizabeth.major@mail.com
452,David,Choi,david.choi@mail.com
453,Alan,Ruiz,alan.ruiz@mail.com
454,David,Crouse,david.crouse@mail.com
455,Theresa,Pfaff,theresa.pfaff@mail.com
456,Sheila,Gier,sheila.gier@mail.com
457,Danny,Rape,danny.rape@mail.com
458,Pamela,Rhymer,pamela.rhymer@mail.com
459,Tony,Rogers,tony.rogers@mail.com
460,Bobby,Orgain,bobby.orgain@mail.com
461,Javier,Aubin,javier.aubin@mail.com
462,Pauline,Walker,pauline.walker@mail.com
463,Bonnie,Mason,bonnie.mason@mail.com
464,Agnes,Haskell,agnes.haskell@mail.com
465,Billie,Davis,billie.davis@mail.com
466,Frances,Irvin,frances.irvin@mail.com
467,James,Harris,james.harris@mail.com
468,Daniel,Hurt,daniel.hurt@mail.com
469,Claudia,Wilson,claudia.wilson@mail.com
470,Laurie,Foersterling,laurie.foersterling@mail.com
471,Eric,Witherite,eric.witherite@mail.com
472,Stacy,Curtis,stacy.curtis@mail.com
473,Paul,Scaife,paul.scaife@mail.com
474,David,Newman,david.newman@mail.com
475,Amelia,Orear,amelia.orear@mail.com
476,Jacqueline,Mixon,jacqueline.mixon@mail.com
477,Corey,Peters,corey.peters@mail.com
478,Crystal,Bokor,crystal.bokor@mail.com
479,Phillip,Johnson,phillip.johnson@mail.com
480,Ronald,Atkinson,ronald.atkinson@mail.com
481,Nila,Simpson,nila.simpson@mail.com
482,Mark,Thompson,mark.thompson@mail.com
483,Thomas,Reed,thomas.reed@mail.com
484,Constance,Rigatti,constance.rigatti@mail.com
485,Robert,Rodgers,robert.rodgers@mail.com
486,Bernice,Dove,bernice.dove@mail.com
487,Eric,Hoyle,eric.hoyle@mail.com
488,Lois,Bolger,lois.bolger@mail.com
489,Latisha,Delgado,latisha.delgado@mail.com
490,Richard,Meister,richard.meister@mail.com
491,James,Berryhill,james.berryhill@mail.com
492,Richard,Fleming,richard.fleming@mail.com
493,Ada,Beckwith,ada.beckwith@mail.com
494,Samuel,Leblanc,samuel.leblanc@mail.com
495,Robert,Scribner,robert.scribner@mail.com
496,Angel,Deal,angel.deal@mail.com
497,Ernest,Liedke,ernest.liedke@mail.com
498,Jacqueline,Vanduser,jacqueline.vanduser@mail.com
499,Jerry,Greany,jerry.greany@mail.com
500,Marvin,Moreschi,marvin.moreschi@mail.com
